First process instance # in stats,1
Last process instance # in stats,100

Resource utilization
Resource,Utilization %
Automated Service,QBP_SERVICE_RESOURCE_ID,0
üßπ –•–æ–∑—è–π—Å—Ç–≤–µ–Ω–Ω—ã–π –æ—Ç–¥–µ–ª,Lane_Housekeeping,12
üêæ –°–ø–µ—Ü–∏–∞–ª–∏—Å—Ç –ø–æ —É—Ö–æ–¥—É,Lane_CareSpecialist,30
ü©∫ –í–µ—Ç–µ—Ä–∏–Ω–∞—Ä,Lane_Veterinarian,16
üìã –°–ø–µ—Ü–∏–∞–ª–∏—Å—Ç –ø–æ –ø—Ä–∏–µ–º—É,Lane_Reception,18

Individual task statistics
Name,Avg duration,Min duration,Max duration,Total duration,Avg waiting time,Min waiting time,Max waiting time,Total waiting time,Avg idle time,Min idle time,Max idle time,Total idle time,Avg cost,Min cost,Max cost,Total cost,Avg cost over thresh,Min cost over thresh,Max cost over thresh,Total cost over thresh,Avg duration over thresh,Min duration over thresh,Max duration over thresh,Total duration over thresh,Count,
GATEWAY 11 AND,PetHotelProcess.Gateway_CheckInJoin,0.0,0.0,0.0,0.0,0.0,0.0,0.0,0.0,0.0,0.0,0.0,0.0,0.0,0.0,0.0,0.0,0.0,0.0,0.0,0.0,0.0,0.0,0.0,0.0,94
GATEWAY 20 XOR,PetHotelProcess.Gateway_PlayJoin,0.0,0.0,0.0,0.0,0.0,0.0,0.0,0.0,0.0,0.0,0.0,0.0,0.0,0.0,0.0,0.0,0.0,0.0,0.0,0.0,0.0,0.0,0.0,0.0,94
GATEWAY 30 AND,PetHotelProcess.Gateway_FinalSplit,0.0,0.0,0.0,0.0,0.0,0.0,0.0,0.0,0.0,0.0,0.0,0.0,0.0,0.0,0.0,0.0,0.0,0.0,0.0,0.0,0.0,0.0,0.0,0.0,94
GATEWAY 8 AND,PetHotelProcess.Gateway_CheckInSplit,0.0,0.0,0.0,0.0,0.0,0.0,0.0,0.0,0.0,0.0,0.0,0.0,0.0,0.0,0.0,0.0,0.0,0.0,0.0,0.0,0.0,0.0,0.0,0.0,94
–í–∞–∫—Ü–∏–Ω–∞—Ü–∏—è OK?,PetHotelProcess.Gateway_VaccinationCheck,0.0,0.0,0.0,0.0,0.0,0.0,0.0,0.0,0.0,0.0,0.0,0.0,0.0,0.0,0.0,0.0,0.0,0.0,0.0,0.0,0.0,0.0,0.0,0.0,100
–í–µ—Ç. –æ—Å–º–æ—Ç—Ä,PetHotelProcess.Task_VetCheck,1200.0,1200.0,1200.0,112800.0,0.0,0.0,0.0,0.0,0.0,0.0,0.0,0.0,13.333333333333332,13.333333333333334,13.333333333333334,1253.3333333333333,0.0,0.0,0.0,0.0,0.0,0.0,0.0,0.0,94
–í—ã–ø–∏—Å–∫–∞ –∏ —Ä–∞—Å—á–µ—Ç,PetHotelProcess.Task_Checkout,600.0,600.0,600.0,56400.0,0.0,0.0,0.0,0.0,0.0,0.0,0.0,0.0,3.333333333333333,3.3333333333333335,3.3333333333333335,313.3333333333333,0.0,0.0,0.0,0.0,0.0,0.0,0.0,0.0,94
–ì—Ä—É–ø–ø–æ–≤—ã–µ –∏–≥—Ä—ã,PetHotelProcess.Task_GroupPlay,1800.0,1800.0,1800.0,118800.0,0.0,0.0,0.0,0.0,19200.0,0.0,230400.0,1267200.0,9.0,9.0,9.0,594.0,0.0,0.0,0.0,0.0,0.0,0.0,0.0,0.0,66
–ï–∂–µ–¥–Ω–µ–≤–Ω—ã–π —É—Ö–æ–¥,PetHotelProcess.SubProcess_DailyCare,27280.85106382979,4800.0,235800.0,2564400.0,0.0,0.0,0.0,0.0,0.0,0.0,0.0,0.0,2.6106382978723404,0.0,9.0,2454.0,0.0,0.0,0.0,0.0,0.0,0.0,0.0,0.0,94
–ó–∞–ø—Ä–æ—Å –ø–æ–ª—É—á–µ–Ω,PetHotelProcess.Event_Start,0.0,0.0,0.0,0.0,0.0,0.0,0.0,0.0,0.0,0.0,0.0,0.0,0.0,0.0,0.0,0.0,0.0,0.0,0.0,0.0,0.0,0.0,0.0,0.0,100
–ó–∞—Ä–µ–≥–∏—Å—Ç—Ä–∏—Ä–æ–≤–∞—Ç—å –±—Ä–æ–Ω—å,PetHotelProcess.Task_RegisterBooking,600.0,600.0,600.0,60000.0,0.0,0.0,0.0,0.0,22464.0,0.0,230400.0,2246400.0,3.333333333333332,3.3333333333333335,3.3333333333333335,333.3333333333332,0.0,0.0,0.0,0.0,0.0,0.0,0.0,0.0,100
–ò–Ω–¥–∏–≤–∏–¥—É–∞–ª—å–Ω—ã–µ –∏–≥—Ä—ã,PetHotelProcess.Task_IndividualPlay,1200.0,1200.0,1200.0,33600.0,0.0,0.0,0.0,0.0,28800.0,0.0,230400.0,806400.0,6.0,6.0,6.0,168.0,0.0,0.0,0.0,0.0,0.0,0.0,0.0,0.0,28
–ò—Ç–æ–≥–æ–≤—ã–π –æ—Ç—á–µ—Ç,PetHotelProcess.Task_FinalReport,300.0,300.0,300.0,28200.0,0.0,0.0,0.0,0.0,0.0,0.0,0.0,0.0,1.5,1.5,1.5,141.0,0.0,0.0,0.0,0.0,0.0,0.0,0.0,0.0,94
–ö–æ–Ω–µ—Ü —É—Ö–æ–¥–∞,PetHotelProcess.Event_SubEnd,0.0,0.0,0.0,0.0,0.0,0.0,0.0,0.0,0.0,0.0,0.0,0.0,0.0,0.0,0.0,0.0,0.0,0.0,0.0,0.0,0.0,0.0,0.0,0.0,94
–ö–æ—Ä–º–ª–µ–Ω–∏–µ,PetHotelProcess.Task_DailyFeeding,1200.0,1200.0,1200.0,112800.0,0.0,0.0,0.0,0.0,0.0,0.0,0.0,0.0,6.0,6.0,6.0,564.0,0.0,0.0,0.0,0.0,0.0,0.0,0.0,0.0,94
–ù–∞—á–∞–ª–æ,PetHotelProcess.Event_SubStart,0.0,0.0,0.0,0.0,0.0,0.0,0.0,0.0,0.0,0.0,0.0,0.0,0.0,0.0,0.0,0.0,0.0,0.0,0.0,0.0,0.0,0.0,0.0,0.0,94
–ù–æ–º–µ—Ä –≥–æ—Ç–æ–≤,PetHotelProcess.Event_RoomReady,0.0,0.0,0.0,0.0,0.0,0.0,0.0,0.0,0.0,0.0,0.0,0.0,0.0,0.0,0.0,0.0,0.0,0.0,0.0,0.0,0.0,0.0,0.0,0.0,94
–û—Ç–∫–ª–æ–Ω–µ–Ω–æ,PetHotelProcess.Event_Rejected,0.0,0.0,0.0,0.0,0.0,0.0,0.0,0.0,0.0,0.0,0.0,0.0,0.0,0.0,0.0,0.0,0.0,0.0,0.0,0.0,0.0,0.0,0.0,0.0,6
–û—Ç—á–µ—Ç –≤–ª–∞–¥–µ–ª—å—Ü—É,PetHotelProcess.Task_OwnerUpdate,300.0,300.0,300.0,28200.0,0.0,0.0,0.0,0.0,0.0,0.0,0.0,0.0,1.5,1.5,1.5,141.0,0.0,0.0,0.0,0.0,0.0,0.0,0.0,0.0,94
–û—Ü–µ–Ω–∏—Ç—å —Å–æ–≤–º–µ—Å—Ç–∏–º–æ—Å—Ç—å,PetHotelProcess.Task_CompatibilityCheck,300.0,300.0,300.0,28200.0,0.0,0.0,0.0,0.0,0.0,0.0,0.0,0.0,1.5,1.5,1.5,141.0,0.0,0.0,0.0,0.0,0.0,0.0,0.0,0.0,94
–ü–∏—Ç–æ–º–µ—Ü —É–µ—Ö–∞–ª,PetHotelProcess.Event_PetLeft,0.0,0.0,0.0,0.0,0.0,0.0,0.0,0.0,0.0,0.0,0.0,0.0,0.0,0.0,0.0,0.0,0.0,0.0,0.0,0.0,0.0,0.0,0.0,0.0,94
–ü–æ–¥–≥–æ—Ç–æ–≤–∫–∞ –∫ –æ—Ç—ä–µ–∑–¥—É,PetHotelProcess.Task_PrepareForDeparture,900.0,900.0,900.0,84600.0,0.0,0.0,0.0,0.0,0.0,0.0,0.0,0.0,4.5,4.5,4.5,423.0,0.0,0.0,0.0,0.0,0.0,0.0,0.0,0.0,94
–ü—Ä–æ–≤–µ—Ä–∏—Ç—å –≤–∞–∫—Ü–∏–Ω–∞—Ü–∏—é,PetHotelProcess.Task_CheckVaccination,300.0,300.0,300.0,30000.0,0.0,0.0,0.0,0.0,0.0,0.0,0.0,0.0,1.666666666666666,1.6666666666666667,1.6666666666666667,166.6666666666666,0.0,0.0,0.0,0.0,0.0,0.0,0.0,0.0,100
–ü—Ä–æ–≥—É–ª–∫–∞,PetHotelProcess.Task_DailyWalk,1800.0,1800.0,1800.0,169200.0,0.0,0.0,0.0,0.0,0.0,0.0,0.0,0.0,9.0,9.0,9.0,846.0,0.0,0.0,0.0,0.0,0.0,0.0,0.0,0.0,94
–†–∞–∑–º–µ—Å—Ç–∏—Ç—å –≤ –Ω–æ–º–µ—Ä–µ,PetHotelProcess.Task_AssignRoom,600.0,600.0,600.0,56400.0,0.0,0.0,0.0,0.0,0.0,0.0,0.0,0.0,3.0,3.0,3.0,282.0,0.0,0.0,0.0,0.0,0.0,0.0,0.0,0.0,94
–†–µ–≥–∏—Å—Ç—Ä–∞—Ü–∏—è –∑–∞–µ–∑–¥–∞,PetHotelProcess.Task_CheckIn,900.0,900.0,900.0,84600.0,0.0,0.0,0.0,0.0,0.0,0.0,0.0,0.0,5.0,5.0,5.0,470.0,0.0,0.0,0.0,0.0,0.0,0.0,0.0,0.0,94
–°–≥–µ–Ω–µ—Ä–∏—Ä–æ–≤–∞—Ç—å –¥–æ–≥–æ–≤–æ—Ä,PetHotelProcess.Task_GenerateContract,10.0,10.0,10.0,940.0,0.0,0.0,0.0,0.0,0.0,0.0,0.0,0.0,0.0,0.0,0.0,0.0,0.0,0.0,0.0,0.0,0.0,0.0,0.0,0.0,94
–°–æ–±—Ä–∞—Ç—å –æ—Ç–∑—ã–≤,PetHotelProcess.Task_Feedback,300.0,300.0,300.0,28200.0,0.0,0.0,0.0,0.0,0.0,0.0,0.0,0.0,1.6666666666666665,1.6666666666666667,1.6666666666666667,156.66666666666666,0.0,0.0,0.0,0.0,0.0,0.0,0.0,0.0,94
–°–æ–≤–º–µ—Å—Ç–∏–º?,PetHotelProcess.Gateway_PlayDecision,0.0,0.0,0.0,0.0,0.0,0.0,0.0,0.0,0.0,0.0,0.0,0.0,0.0,0.0,0.0,0.0,0.0,0.0,0.0,0.0,0.0,0.0,0.0,0.0,94
–£–±–æ—Ä–∫–∞ –Ω–æ–º–µ—Ä–∞,PetHotelProcess.Task_CleanRoom,1800.0,1800.0,1800.0,169200.0,0.0,0.0,0.0,0.0,0.0,0.0,0.0,0.0,8.0,8.0,8.0,752.0,0.0,0.0,0.0,0.0,0.0,0.0,0.0,0.0,94

Scenario statistics
KPI,Min,Average,Max
Process Cycle Time (s),900.0,54657.4,242710.0
Process Cycle Time excluding out of timetable hours (s),900.0,6540.0,6900.0
Process Waiting Time (s),0.0,0.0,0.0
Accumulated Process Duration (s),900.0,80865.4,479110.0
Cost,5.0,67.45333333333326,72.33333333333334


Process Cycle Time (s) distribution
From,To,Count
900,25080,52
25081,49261,0
49262,73442,39
73443,97623,0
97624,121804,0
121805,145985,0
145986,170166,0
170167,194347,0
194348,218528,0
218529,242709,9

Process Waiting Time (s) distribution
From,To,Count
0,-1,100
0,-1,0
0,-1,0
0,-1,0
0,-1,0
0,-1,0
0,-1,0
0,-1,0
0,-1,0
0,-1,0

Accumulated Process Duration (s) distribution
From,To,Count
900,48720,52
48721,96541,19
96542,144362,20
144363,192183,0
192184,240004,0
240005,287825,5
287826,335646,0
335647,383467,0
383468,431288,0
431289,479109,4

Process Cost distribution
From,To,Count
5,11,6
12,18,0
19,25,0
26,32,0
33,39,0
40,46,0
47,53,0
54,60,0
61,67,0
68,74,94

In-timetable Cycle time (s) distribution
From,To,Count
900,1499,6
1500,2099,0
2100,2699,0
2700,3299,0
3300,3899,0
3900,4499,0
4500,5099,0
5100,5699,0
5700,6299,0
6300,6899,94



Details
Instance #,Cycle time (s),Cycle time in time table only (s),Waiting time (s),Cost
1,12310.0,6900.0,0.0,72.33333333333334
2,12310.0,6900.0,0.0,72.33333333333334
3,12310.0,6900.0,0.0,72.33333333333334
4,69910.0,6900.0,0.0,72.33333333333334
5,69910.0,6900.0,0.0,72.33333333333334
6,12310.0,6900.0,0.0,72.33333333333334
7,12310.0,6900.0,0.0,72.33333333333334
8,242710.0,6900.0,0.0,72.33333333333334
9,242710.0,6900.0,0.0,72.33333333333334
10,900.0,900.0,0.0,5.0
11,12310.0,6900.0,0.0,72.33333333333334
12,69910.0,6900.0,0.0,72.33333333333334
13,69910.0,6900.0,0.0,72.33333333333334
14,12310.0,6900.0,0.0,72.33333333333334
15,12310.0,6900.0,0.0,72.33333333333334
16,69910.0,6900.0,0.0,72.33333333333334
17,69910.0,6900.0,0.0,72.33333333333334
18,11710.0,6900.0,0.0,69.33333333333334
19,12310.0,6900.0,0.0,72.33333333333334
20,69310.0,6900.0,0.0,69.33333333333334
21,69910.0,6900.0,0.0,72.33333333333334
22,12310.0,6900.0,0.0,72.33333333333334
23,12310.0,6900.0,0.0,72.33333333333334
24,69910.0,6900.0,0.0,72.33333333333334
25,69310.0,6900.0,0.0,69.33333333333334
26,900.0,900.0,0.0,5.0
27,12310.0,6900.0,0.0,72.33333333333334
28,242110.0,6900.0,0.0,69.33333333333334
29,242110.0,6900.0,0.0,69.33333333333334
30,11710.0,6900.0,0.0,69.33333333333334
31,12310.0,6900.0,0.0,72.33333333333334
32,69910.0,6900.0,0.0,72.33333333333334
33,69910.0,6900.0,0.0,72.33333333333334
34,11710.0,6900.0,0.0,69.33333333333334
35,12310.0,6900.0,0.0,72.33333333333334
36,69910.0,6900.0,0.0,72.33333333333334
37,69910.0,6900.0,0.0,72.33333333333334
38,11710.0,6900.0,0.0,69.33333333333334
39,12310.0,6900.0,0.0,72.33333333333334
40,69910.0,6900.0,0.0,72.33333333333334
41,69910.0,6900.0,0.0,72.33333333333334
42,12310.0,6900.0,0.0,72.33333333333334
43,11710.0,6900.0,0.0,69.33333333333334
44,69910.0,6900.0,0.0,72.33333333333334
45,69310.0,6900.0,0.0,69.33333333333334
46,12310.0,6900.0,0.0,72.33333333333334
47,12310.0,6900.0,0.0,72.33333333333334
48,900.0,900.0,0.0,5.0
49,242710.0,6900.0,0.0,72.33333333333334
50,12310.0,6900.0,0.0,72.33333333333334
51,11710.0,6900.0,0.0,69.33333333333334
52,69910.0,6900.0,0.0,72.33333333333334
53,69310.0,6900.0,0.0,69.33333333333334
54,11710.0,6900.0,0.0,69.33333333333334
55,12310.0,6900.0,0.0,72.33333333333334
56,69310.0,6900.0,0.0,69.33333333333334
57,69910.0,6900.0,0.0,72.33333333333334
58,11710.0,6900.0,0.0,69.33333333333334
59,900.0,900.0,0.0,5.0
60,69910.0,6900.0,0.0,72.33333333333334
61,69310.0,6900.0,0.0,69.33333333333334
62,12310.0,6900.0,0.0,72.33333333333334
63,12310.0,6900.0,0.0,72.33333333333334
64,69310.0,6900.0,0.0,69.33333333333334
65,69910.0,6900.0,0.0,72.33333333333334
66,900.0,900.0,0.0,5.0
67,12310.0,6900.0,0.0,72.33333333333334
68,242710.0,6900.0,0.0,72.33333333333334
69,242710.0,6900.0,0.0,72.33333333333334
70,11710.0,6900.0,0.0,69.33333333333334
71,12310.0,6900.0,0.0,72.33333333333334
72,69910.0,6900.0,0.0,72.33333333333334
73,69910.0,6900.0,0.0,72.33333333333334
74,12310.0,6900.0,0.0,72.33333333333334
75,12310.0,6900.0,0.0,72.33333333333334
76,69310.0,6900.0,0.0,69.33333333333334
77,69910.0,6900.0,0.0,72.33333333333334
78,11710.0,6900.0,0.0,69.33333333333334
79,12310.0,6900.0,0.0,72.33333333333334
80,69910.0,6900.0,0.0,72.33333333333334
81,69310.0,6900.0,0.0,69.33333333333334
82,12310.0,6900.0,0.0,72.33333333333334
83,12310.0,6900.0,0.0,72.33333333333334
84,69910.0,6900.0,0.0,72.33333333333334
85,69910.0,6900.0,0.0,72.33333333333334
86,11710.0,6900.0,0.0,69.33333333333334
87,12310.0,6900.0,0.0,72.33333333333334
88,242110.0,6900.0,0.0,69.33333333333334
89,242710.0,6900.0,0.0,72.33333333333334
90,11710.0,6900.0,0.0,69.33333333333334
91,11710.0,6900.0,0.0,69.33333333333334
92,69310.0,6900.0,0.0,69.33333333333334
93,58500.0,900.0,0.0,5.0
94,12310.0,6900.0,0.0,72.33333333333334
95,11710.0,6900.0,0.0,69.33333333333334
96,69310.0,6900.0,0.0,69.33333333333334
97,69910.0,6900.0,0.0,72.33333333333334
98,12310.0,6900.0,0.0,72.33333333333334
99,12310.0,6900.0,0.0,72.33333333333334
100,69910.0,6900.0,0.0,72.33333333333334
